{"stats":{"minecraft:picked_up":{"minecraft:stick":5,"minecraft:leather":6,"minecraft:oak_log":15,"minecraft:spider_eye":1,"minecraft:string":1,"minecraft:wheat_seeds":2,"minecraft:beef":9,"minecraft:rose_bush":3,"minecraft:oak_sapling":10,"minecraft:sugar_cane":2},"minecraft:mined":{"treechop:chopped_log":3,"projectvibrantjourneys:beach_grass":1,"minecraft:grass":1,"projectvibrantjourneys:twigs":1,"projectvibrantjourneys:short_grass":5,"minecraft:rose_bush":3,"minecraft:sugar_cane":2},"minecraft:killed":{"minecraft:horse":1,"minecraft:spider":1,"minecraft:cow":4},"minecraft:dropped":{"minecraft:wheat_seeds":1,"minecraft:leather":2},"minecraft:custom":{"minecraft:time_since_rest":6665,"minecraft:sprint_one_cm":54970,"minecraft:damage_taken":356,"minecraft:walk_one_cm":27232,"minecraft:mob_kills":6,"minecraft:drop":2,"minecraft:damage_dealt":900,"minecraft:swim_one_cm":6835,"minecraft:fly_one_cm":222956,"minecraft:crouch_one_cm":838,"minecraft:play_time":29038,"minecraft:deaths":5,"minecraft:sneak_time":342,"minecraft:walk_under_water_one_cm":597,"minecraft:jump":444,"minecraft:leave_game":1,"minecraft:time_since_death":7199,"minecraft:walk_on_water_one_cm":1056,"minecraft:total_world_time":29038,"minecraft:fall_one_cm":13891,"minecraft:horse_one_cm":7528},"minecraft:used":{"minecraft:sea_lantern":4,"minecraft:rose_bush":3,"minecraft:stone_sword":9,"minecraft:chainmail_helmet":2,"minecraft:stone_axe":27,"minecraft:chainmail_boots":2,"minecraft:oak_sapling":10,"minecraft:chainmail_chestplate":2,"tombstone:gift":2,"minecraft:cooked_beef":1,"minecraft:chainmail_leggings":2}},"DataVersion":3465}